shipment_id,order_id,carrier,shipped_at,delivered_at,shipping_cost
9001,1001,DHL,2026-01-01 14:00:00,2026-01-04 03:00:00,13.34
9002,1002,UPS,2026-01-02 19:00:00,2026-01-06 18:00:00,14.69
9003,1003,DHL,2026-01-01 17:00:00,2026-01-05 16:00:00,8.46
9004,1004,BLUE_DART,2026-01-02 20:00:00,2026-01-06 09:00:00,23.45
9005,1005,UPS,2026-01-02 22:00:00,,26.42
9006,1006,FEDEX,2026-01-02 14:00:00,2026-01-03 19:00:00,28.47
9007,1007,UPS,2026-01-02 15:00:00,2026-01-06 20:00:00,17.31
9008,1008,UPS,2026-01-03 06:00:00,2026-01-05 13:00:00,22.52
9009,1009,DHL,2026-01-02 10:00:00,2026-01-03 19:00:00,26.39
9010,1010,UPS,2026-01-02 14:00:00,2026-01-03 16:00:00,15.46
9011,1011,FEDEX,2026-01-03 09:00:00,,12.74
9012,1012,DHL,2026-01-03 08:00:00,2026-01-07 11:00:00,28.42
9013,1013,DHL,2026-01-01 19:00:00,2026-01-04 19:00:00,17.89
9014,1014,BLUE_DART,2026-01-02 02:00:00,2026-01-05 12:00:00,17.43
9015,1015,BLUE_DART,2026-01-02 22:00:00,2026-01-05 04:00:00,9.46
9016,1016,UPS,2026-01-02 18:00:00,2026-01-07 14:00:00,7.7
9017,1017,BLUE_DART,2026-01-03 10:00:00,2026-01-07 06:00:00,26.05
9018,1018,BLUE_DART,2026-01-03 01:00:00,2026-01-06 14:00:00,20.35
9019,1019,BLUE_DART,2026-01-03 04:00:00,2026-01-06 07:00:00,13.15
9020,1020,DHL,2026-01-02 03:00:00,2026-01-06 19:00:00,9.79
9021,1021,DHL,2026-01-02 14:00:00,2026-01-05 06:00:00,18.89
9022,1022,DHL,2026-01-02 12:00:00,2026-01-04 18:00:00,19.6
9023,1023,BLUE_DART,2026-01-03 15:00:00,2026-01-08 03:00:00,10.17
9024,1024,DHL,2026-01-02 13:00:00,2026-01-07 00:00:00,26.29
9025,1025,BLUE_DART,2026-01-03 08:00:00,2026-01-05 05:00:00,7.11
9026,1026,DHL,2026-01-03 16:00:00,2026-01-04 19:00:00,13.9
9027,1027,DHL,2026-01-02 08:00:00,2026-01-03 20:00:00,22.01
9028,1028,FEDEX,2026-01-03 16:00:00,2026-01-06 12:00:00,11.85
9029,1029,UPS,2026-01-03 10:00:00,2026-01-06 03:00:00,25.69
9030,1030,BLUE_DART,2026-01-03 15:00:00,,23.5
9031,1031,FEDEX,2026-01-02 18:00:00,2026-01-04 13:00:00,24.73
9032,1032,DHL,2026-01-02 15:00:00,2026-01-06 19:00:00,7.98
9033,1033,BLUE_DART,2026-01-03 09:00:00,2026-01-07 17:00:00,8.51
9034,1034,DHL,2026-01-03 10:00:00,2026-01-06 15:00:00,12.16
9035,1035,UPS,2026-01-03 21:00:00,2026-01-06 08:00:00,17.95
9036,1036,FEDEX,2026-01-04 03:00:00,2026-01-05 03:00:00,23.7
9037,1037,UPS,2026-01-04 04:00:00,2026-01-05 18:00:00,25.91
9038,1038,FEDEX,2026-01-04 09:00:00,2026-01-08 13:00:00,22.61
9039,1039,DHL,2026-01-03 22:00:00,2026-01-05 14:00:00,28.21
9040,1040,UPS,2026-01-03 22:00:00,2026-01-05 21:00:00,23.47
9041,1041,UPS,2026-01-03 11:00:00,2026-01-06 20:00:00,12.66
9042,1042,DHL,2026-01-03 15:00:00,2026-01-07 14:00:00,11.63
9043,1043,UPS,2026-01-03 17:00:00,2026-01-08 11:00:00,22.4
9044,1044,BLUE_DART,2026-01-04 05:00:00,2026-01-06 03:00:00,9.82
9045,1045,FEDEX,2026-01-03 21:00:00,2026-01-06 18:00:00,7.32
9046,1046,FEDEX,2026-01-04 05:00:00,2026-01-08 04:00:00,18.31
9047,1047,FEDEX,2026-01-03 21:00:00,2026-01-05 04:00:00,25.54
9048,1048,BLUE_DART,2026-01-03 08:00:00,2026-01-06 18:00:00,7.53
9049,1049,FEDEX,2026-01-03 06:00:00,2026-01-07 23:00:00,24.8
9050,1050,DHL,2026-01-03 07:00:00,2026-01-06 17:00:00,25.29
9051,1051,UPS,2026-01-04 09:00:00,2026-01-05 21:00:00,17.06
9052,1052,BLUE_DART,2026-01-04 04:00:00,2026-01-06 18:00:00,6.43
9053,1053,FEDEX,2026-01-04 08:00:00,2026-01-06 11:00:00,9.36
9054,1054,DHL,2026-01-03 20:00:00,2026-01-08 12:00:00,22.69
9055,1055,UPS,2026-01-03 22:00:00,2026-01-07 10:00:00,22.79
9056,1056,UPS,2026-01-05 05:00:00,2026-01-06 20:00:00,27.46
9057,1057,BLUE_DART,2026-01-05 06:00:00,2026-01-06 07:00:00,19.57
9058,1058,BLUE_DART,2026-01-03 19:00:00,2026-01-08 04:00:00,8.1
9059,1059,BLUE_DART,2026-01-03 16:00:00,2026-01-05 08:00:00,8.04
9060,1060,DHL,2026-01-04 09:00:00,,23.03
9061,1061,DHL,2026-01-04 15:00:00,2026-01-06 03:00:00,9.59
9062,1062,BLUE_DART,2026-01-05 04:00:00,2026-01-10 03:00:00,13.21
9063,1063,FEDEX,2026-01-05 12:00:00,2026-01-10 08:00:00,17.18
9064,1064,UPS,2026-01-05 01:00:00,2026-01-09 22:00:00,5.62
9065,1065,UPS,2026-01-04 01:00:00,2026-01-08 10:00:00,11.22
9066,1066,DHL,2026-01-04 03:00:00,2026-01-05 15:00:00,15.2
9067,1067,UPS,2026-01-04 10:00:00,2026-01-07 04:00:00,11.99
9068,1068,FEDEX,2026-01-04 21:00:00,2026-01-09 09:00:00,8.41
9069,1069,UPS,2026-01-05 12:00:00,2026-01-10 09:00:00,23.2
9070,1070,DHL,2026-01-04 14:00:00,2026-01-06 10:00:00,25.33
9071,1071,DHL,2026-01-05 05:00:00,2026-01-08 11:00:00,11.44
9072,1072,FEDEX,2026-01-04 23:00:00,,24.36
9073,1073,FEDEX,2026-01-04 12:00:00,2026-01-07 03:00:00,14.64
9074,1074,UPS,2026-01-04 13:00:00,2026-01-08 23:00:00,17.67
9075,1075,UPS,2026-01-05 09:00:00,2026-01-06 23:00:00,26.4
9076,1076,DHL,2026-01-06 00:00:00,2026-01-10 00:00:00,23.75
9077,1077,FEDEX,2026-01-04 14:00:00,2026-01-07 17:00:00,25.13
9078,1078,FEDEX,2026-01-05 07:00:00,2026-01-09 08:00:00,8.42
9079,1079,FEDEX,2026-01-05 01:00:00,2026-01-09 23:00:00,6.74
9080,1080,UPS,2026-01-04 16:00:00,2026-01-07 20:00:00,27.34
9081,1081,FEDEX,2026-01-05 12:00:00,2026-01-10 02:00:00,14.7
9082,1082,DHL,2026-01-06 08:00:00,2026-01-09 11:00:00,12.2
9083,1083,DHL,2026-01-05 11:00:00,2026-01-07 16:00:00,23.12
9084,1084,UPS,2026-01-05 07:00:00,2026-01-07 15:00:00,25.91
9085,1085,BLUE_DART,2026-01-05 22:00:00,2026-01-09 06:00:00,26.56
9086,1086,UPS,2026-01-05 02:00:00,2026-01-08 05:00:00,12.9
9087,1087,BLUE_DART,2026-01-06 12:00:00,2026-01-07 20:00:00,26.31
9088,1088,FEDEX,2026-01-05 15:00:00,2026-01-08 20:00:00,6.02
9089,1089,UPS,2026-01-06 12:00:00,2026-01-07 12:00:00,6.24
9090,1090,DHL,2026-01-06 02:00:00,2026-01-08 21:00:00,20.59
9091,1091,FEDEX,2026-01-06 02:00:00,,6.58
9092,1092,DHL,2026-01-05 04:00:00,2026-01-09 11:00:00,13.12
9093,1093,FEDEX,2026-01-05 16:00:00,2026-01-07 00:00:00,21.82
9094,1094,UPS,2026-01-06 13:00:00,2026-01-08 20:00:00,13.43
9095,1095,BLUE_DART,2026-01-06 16:00:00,2026-01-08 06:00:00,9.49
9096,1096,FEDEX,2026-01-05 05:00:00,2026-01-06 16:00:00,12.03
9097,1097,BLUE_DART,2026-01-05 08:00:00,2026-01-09 13:00:00,16.44
9098,1098,FEDEX,2026-01-06 06:00:00,2026-01-09 14:00:00,16.88
9099,1099,DHL,2026-01-06 10:00:00,2026-01-07 17:00:00,24.58
9100,1100,DHL,2026-01-07 00:00:00,2026-01-10 23:00:00,23.75
9101,1101,FEDEX,2026-01-06 21:00:00,2026-01-08 23:00:00,16.42
9102,1102,BLUE_DART,2026-01-06 20:00:00,2026-01-10 09:00:00,26.14
9103,1103,UPS,2026-01-06 16:00:00,2026-01-08 03:00:00,7.86
9104,1104,UPS,2026-01-06 12:00:00,2026-01-10 04:00:00,11.38
9105,1105,DHL,2026-01-06 13:00:00,2026-01-09 06:00:00,25.7
9106,1106,UPS,2026-01-07 08:00:00,2026-01-10 21:00:00,14.45
9107,1107,DHL,2026-01-05 19:00:00,2026-01-07 05:00:00,29.53
9108,1108,UPS,2026-01-05 19:00:00,2026-01-08 13:00:00,16.66
9109,1109,FEDEX,2026-01-07 03:00:00,2026-01-12 01:00:00,24.8
9110,1110,DHL,2026-01-06 17:00:00,2026-01-08 09:00:00,15.06
9111,1111,DHL,2026-01-06 18:00:00,2026-01-09 01:00:00,15.62
9112,1112,FEDEX,2026-01-06 01:00:00,2026-01-10 21:00:00,14.57
9113,1113,DHL,2026-01-07 04:00:00,2026-01-11 16:00:00,22.98
9114,1114,UPS,2026-01-07 15:00:00,2026-01-12 03:00:00,18.69
9115,1115,UPS,2026-01-06 05:00:00,2026-01-08 20:00:00,28.59
9116,1116,DHL,2026-01-07 13:00:00,2026-01-09 11:00:00,11.27
9117,1117,UPS,2026-01-06 11:00:00,2026-01-09 18:00:00,7.51
9118,1118,BLUE_DART,2026-01-07 18:00:00,2026-01-08 23:00:00,14.83
9119,1119,DHL,2026-01-06 10:00:00,2026-01-10 23:00:00,20.42
9120,1120,FEDEX,2026-01-07 19:00:00,2026-01-10 20:00:00,26.52
9121,1121,BLUE_DART,2026-01-07 19:00:00,2026-01-10 07:00:00,13.65
9122,1122,DHL,2026-01-07 03:00:00,2026-01-10 18:00:00,21.34
9123,1123,FEDEX,2026-01-07 03:00:00,2026-01-10 08:00:00,13.75
9124,1124,UPS,2026-01-06 11:00:00,,20.43
9125,1125,FEDEX,2026-01-07 07:00:00,2026-01-10 07:00:00,27.12
9126,1126,BLUE_DART,2026-01-06 14:00:00,2026-01-08 00:00:00,10.78
9127,1127,UPS,2026-01-07 15:00:00,2026-01-12 06:00:00,15.11
9128,1128,DHL,2026-01-07 00:00:00,2026-01-10 00:00:00,29.83
9129,1129,UPS,2026-01-08 03:00:00,2026-01-09 23:00:00,26.71
9130,1130,DHL,2026-01-08 02:00:00,2026-01-11 19:00:00,19.12
9131,1131,DHL,2026-01-08 08:00:00,2026-01-11 22:00:00,17.92
9132,1132,FEDEX,2026-01-06 21:00:00,2026-01-11 07:00:00,12.12
9133,1133,FEDEX,2026-01-07 06:00:00,,17.93
9134,1134,FEDEX,2026-01-07 17:00:00,2026-01-09 09:00:00,26.2
9135,1135,BLUE_DART,2026-01-08 01:00:00,2026-01-09 06:00:00,22.13
9136,1136,BLUE_DART,2026-01-08 09:00:00,2026-01-10 03:00:00,12.25
9137,1137,FEDEX,2026-01-07 22:00:00,2026-01-11 05:00:00,10.04
9138,1138,BLUE_DART,2026-01-08 01:00:00,,11.63
9139,1139,UPS,2026-01-07 13:00:00,,9.24
9140,1140,UPS,2026-01-08 12:00:00,2026-01-11 01:00:00,7.39
9141,1141,BLUE_DART,2026-01-08 16:00:00,2026-01-11 04:00:00,15.48
9142,1142,BLUE_DART,2026-01-07 18:00:00,,7.83
9143,1143,UPS,2026-01-08 01:00:00,2026-01-12 14:00:00,9.3
9144,1144,DHL,2026-01-08 01:00:00,2026-01-12 18:00:00,18.68
9145,1145,UPS,2026-01-08 02:00:00,,9.11
9146,1146,UPS,2026-01-07 14:00:00,2026-01-10 08:00:00,6.6
9147,1147,BLUE_DART,2026-01-07 23:00:00,2026-01-10 10:00:00,12.93
9148,1148,UPS,2026-01-08 15:00:00,2026-01-12 00:00:00,10.51
9149,1149,BLUE_DART,2026-01-09 03:00:00,2026-01-10 15:00:00,17.88
9150,1150,BLUE_DART,2026-01-07 20:00:00,2026-01-10 23:00:00,7.56
9151,1151,FEDEX,2026-01-08 19:00:00,2026-01-12 04:00:00,23.79
9152,1152,UPS,2026-01-08 22:00:00,2026-01-11 05:00:00,27.66
9153,1153,DHL,2026-01-07 22:00:00,2026-01-12 06:00:00,23.59
9154,1154,FEDEX,2026-01-08 07:00:00,2026-01-11 18:00:00,18.32
9155,1155,BLUE_DART,2026-01-08 02:00:00,2026-01-12 12:00:00,26.52
9156,1156,BLUE_DART,2026-01-09 00:00:00,2026-01-12 09:00:00,22.37
9157,1157,DHL,2026-01-08 03:00:00,2026-01-11 10:00:00,5.26
9158,1158,BLUE_DART,2026-01-08 16:00:00,2026-01-10 19:00:00,14.85
9159,1159,UPS,2026-01-08 12:00:00,2026-01-09 12:00:00,26.27
9160,1160,FEDEX,2026-01-08 00:00:00,2026-01-10 17:00:00,13.65
9161,1161,BLUE_DART,2026-01-08 22:00:00,2026-01-13 07:00:00,5.88
9162,1162,BLUE_DART,2026-01-08 19:00:00,2026-01-11 18:00:00,23.65
9163,1163,DHL,2026-01-09 12:00:00,2026-01-12 03:00:00,25.05
9164,1164,UPS,2026-01-09 14:00:00,2026-01-13 04:00:00,9.01
9165,1165,BLUE_DART,2026-01-08 02:00:00,2026-01-12 05:00:00,18.43
9166,1166,DHL,2026-01-09 03:00:00,2026-01-13 02:00:00,9.8
9167,1167,BLUE_DART,2026-01-09 15:00:00,,22.98
9168,1168,DHL,2026-01-08 21:00:00,2026-01-13 04:00:00,11.79
9169,1169,DHL,2026-01-09 22:00:00,2026-01-11 01:00:00,12.91
9170,1170,UPS,2026-01-09 06:00:00,2026-01-11 19:00:00,26.12
9171,1171,BLUE_DART,2026-01-08 09:00:00,2026-01-10 11:00:00,16.91
9172,1172,UPS,2026-01-10 00:00:00,2026-01-11 08:00:00,21.74
9173,1173,DHL,2026-01-09 00:00:00,2026-01-10 15:00:00,15.06
9174,1174,FEDEX,2026-01-09 18:00:00,2026-01-13 01:00:00,12.45
9175,1175,BLUE_DART,2026-01-10 02:00:00,2026-01-14 05:00:00,20.64
9176,1176,FEDEX,2026-01-08 18:00:00,2026-01-11 00:00:00,8.87
9177,1177,BLUE_DART,2026-01-08 14:00:00,2026-01-13 05:00:00,14.32
9178,1178,UPS,2026-01-09 13:00:00,2026-01-11 02:00:00,10.23
9179,1179,UPS,2026-01-10 06:00:00,2026-01-12 06:00:00,22.39
9180,1180,UPS,2026-01-09 09:00:00,2026-01-11 18:00:00,28.61
9181,1181,UPS,2026-01-10 03:00:00,2026-01-13 21:00:00,29.89
9182,1182,UPS,2026-01-10 11:00:00,2026-01-12 10:00:00,16.26
9183,1183,FEDEX,2026-01-10 00:00:00,2026-01-14 00:00:00,11.31
9184,1184,UPS,2026-01-09 05:00:00,2026-01-11 06:00:00,16.07
9185,1185,DHL,2026-01-09 10:00:00,2026-01-11 05:00:00,26.18
9186,1186,DHL,2026-01-09 04:00:00,2026-01-12 19:00:00,10.15
9187,1187,FEDEX,2026-01-09 05:00:00,2026-01-10 14:00:00,28.8
9188,1188,BLUE_DART,2026-01-09 20:00:00,2026-01-14 06:00:00,13.55
9189,1189,DHL,2026-01-09 04:00:00,2026-01-12 22:00:00,29.65
9190,1190,BLUE_DART,2026-01-09 19:00:00,2026-01-11 18:00:00,25.97
9191,1191,FEDEX,2026-01-09 15:00:00,2026-01-10 19:00:00,25.21
9192,1192,BLUE_DART,2026-01-09 05:00:00,2026-01-12 23:00:00,12.95
9193,1193,BLUE_DART,2026-01-09 22:00:00,2026-01-13 07:00:00,5.22
9194,1194,BLUE_DART,2026-01-09 09:00:00,2026-01-11 11:00:00,14.55
9195,1195,BLUE_DART,2026-01-10 09:00:00,2026-01-14 16:00:00,12.55
9196,1196,FEDEX,2026-01-09 23:00:00,2026-01-11 13:00:00,5.93
9197,1197,DHL,2026-01-10 21:00:00,2026-01-13 07:00:00,17.63
9198,1198,UPS,2026-01-10 18:00:00,2026-01-14 21:00:00,15.08
9199,1199,BLUE_DART,2026-01-10 19:00:00,2026-01-13 23:00:00,20.86
9200,1200,DHL,2026-01-09 16:00:00,2026-01-12 11:00:00,20.53
9201,1201,DHL,2026-01-10 07:00:00,2026-01-12 08:00:00,8.02
9202,1202,FEDEX,2026-01-10 09:00:00,2026-01-13 07:00:00,29.42
9203,1203,DHL,2026-01-11 02:00:00,2026-01-13 11:00:00,9.67
9204,1204,FEDEX,2026-01-11 08:00:00,2026-01-15 22:00:00,16.13
9205,1205,BLUE_DART,2026-01-10 07:00:00,2026-01-15 05:00:00,17.2
9206,1206,BLUE_DART,2026-01-11 03:00:00,2026-01-14 04:00:00,25.33
9207,1207,UPS,2026-01-10 09:00:00,2026-01-14 20:00:00,7.48
9208,1208,UPS,2026-01-11 06:00:00,2026-01-12 17:00:00,15.72
9209,1209,UPS,2026-01-10 01:00:00,2026-01-14 15:00:00,20.71
9210,1210,DHL,2026-01-10 22:00:00,2026-01-12 01:00:00,10.38
9211,1211,BLUE_DART,2026-01-11 04:00:00,2026-01-15 18:00:00,20.69
9212,1212,FEDEX,2026-01-10 19:00:00,2026-01-13 18:00:00,28.09
9213,1213,UPS,2026-01-10 07:00:00,,29.94
9214,1214,FEDEX,2026-01-11 11:00:00,2026-01-12 11:00:00,5.81
9215,1215,FEDEX,2026-01-11 19:00:00,2026-01-16 11:00:00,10.89
9216,1216,UPS,2026-01-10 23:00:00,2026-01-14 16:00:00,12.76
9217,1217,BLUE_DART,2026-01-10 06:00:00,2026-01-12 11:00:00,14.98
9218,1218,UPS,2026-01-10 11:00:00,,11.06
9219,1219,FEDEX,2026-01-11 10:00:00,2026-01-13 06:00:00,10.09
9220,1220,UPS,2026-01-11 00:00:00,2026-01-15 16:00:00,28.86
9221,1221,FEDEX,2026-01-10 15:00:00,2026-01-15 02:00:00,27.96
9222,1222,FEDEX,2026-01-12 02:00:00,2026-01-15 02:00:00,6.17
9223,1223,UPS,2026-01-11 00:00:00,2026-01-15 13:00:00,13.47
9224,1224,DHL,2026-01-11 23:00:00,2026-01-16 11:00:00,15.13
9225,1225,UPS,2026-01-11 08:00:00,2026-01-14 21:00:00,10.98
9226,1226,DHL,2026-01-11 02:00:00,2026-01-13 15:00:00,20.72
9227,1227,FEDEX,2026-01-11 07:00:00,2026-01-12 21:00:00,21.01
9228,1228,FEDEX,2026-01-11 02:00:00,2026-01-14 05:00:00,26.26
9229,1229,DHL,2026-01-11 18:00:00,2026-01-16 00:00:00,23.52
9230,1230,FEDEX,2026-01-11 14:00:00,2026-01-14 11:00:00,18.56
9231,1231,DHL,2026-01-12 02:00:00,2026-01-14 02:00:00,21.34
9232,1232,DHL,2026-01-11 00:00:00,2026-01-12 20:00:00,11.85
9233,1233,FEDEX,2026-01-11 20:00:00,2026-01-16 11:00:00,19.83
9234,1234,BLUE_DART,2026-01-11 00:00:00,2026-01-12 04:00:00,17.23
9235,1235,DHL,2026-01-11 21:00:00,2026-01-15 18:00:00,8.33
9236,1236,UPS,2026-01-12 13:00:00,2026-01-15 11:00:00,11.06
9237,1237,UPS,2026-01-11 09:00:00,2026-01-15 23:00:00,12.29
9238,1238,FEDEX,2026-01-11 09:00:00,2026-01-15 04:00:00,28.11
9239,1239,BLUE_DART,2026-01-11 17:00:00,,10.76
9240,1240,FEDEX,2026-01-11 07:00:00,2026-01-13 00:00:00,12.23
9241,1241,BLUE_DART,2026-01-11 21:00:00,2026-01-13 17:00:00,14.23
9242,1242,DHL,2026-01-12 01:00:00,2026-01-16 20:00:00,21.59
9243,1243,DHL,2026-01-12 01:00:00,2026-01-16 14:00:00,7.96
9244,1244,DHL,2026-01-12 00:00:00,2026-01-13 22:00:00,28.85
9245,1245,DHL,2026-01-11 17:00:00,2026-01-15 08:00:00,26.64
9246,1246,UPS,2026-01-12 19:00:00,2026-01-16 13:00:00,19.43
9247,1247,UPS,2026-01-11 23:00:00,2026-01-14 14:00:00,21.85
9248,1248,FEDEX,2026-01-11 23:00:00,2026-01-13 08:00:00,5.42
9249,1249,BLUE_DART,2026-01-11 18:00:00,2026-01-16 10:00:00,13.47
9250,1250,DHL,2026-01-12 17:00:00,2026-01-15 20:00:00,24.89
9251,1251,DHL,2026-01-12 03:00:00,2026-01-16 02:00:00,6.94
9252,1252,BLUE_DART,2026-01-12 09:00:00,2026-01-16 11:00:00,12.06
9253,1253,BLUE_DART,2026-01-11 23:00:00,2026-01-15 11:00:00,19.63
9254,1254,FEDEX,2026-01-13 03:00:00,2026-01-16 18:00:00,11.41
9255,1255,BLUE_DART,2026-01-12 00:00:00,2026-01-13 04:00:00,28.35
9256,1256,DHL,2026-01-13 00:00:00,2026-01-16 04:00:00,8.28
9257,1257,DHL,2026-01-12 11:00:00,2026-01-15 17:00:00,24.93
9258,1258,DHL,2026-01-12 03:00:00,2026-01-14 15:00:00,17.7
9259,1259,DHL,2026-01-13 08:00:00,2026-01-16 15:00:00,23.76
9260,1260,DHL,2026-01-13 17:00:00,2026-01-17 03:00:00,12.77
9261,1261,FEDEX,2026-01-12 20:00:00,2026-01-17 16:00:00,17.86
9262,1262,DHL,2026-01-13 00:00:00,2026-01-16 20:00:00,26.42
9263,1263,FEDEX,2026-01-12 08:00:00,2026-01-16 08:00:00,16.67
9264,1264,DHL,2026-01-12 06:00:00,2026-01-15 16:00:00,13.99
9265,1265,UPS,2026-01-13 11:00:00,2026-01-14 12:00:00,18.4
9266,1266,UPS,2026-01-13 21:00:00,2026-01-17 13:00:00,22.93
9267,1267,UPS,2026-01-12 11:00:00,2026-01-15 22:00:00,16.09
9268,1268,UPS,2026-01-13 17:00:00,2026-01-16 19:00:00,28.47
9269,1269,FEDEX,2026-01-12 22:00:00,2026-01-15 03:00:00,12.37
9270,1270,FEDEX,2026-01-13 06:00:00,2026-01-14 16:00:00,16.89
9271,1271,BLUE_DART,2026-01-12 18:00:00,2026-01-17 13:00:00,23.92
9272,1272,DHL,2026-01-13 03:00:00,2026-01-17 06:00:00,22.23
9273,1273,UPS,2026-01-13 12:00:00,2026-01-16 02:00:00,26.59
9274,1274,FEDEX,2026-01-13 04:00:00,2026-01-17 21:00:00,29.92
9275,1275,DHL,2026-01-13 14:00:00,2026-01-17 18:00:00,15.67
9276,1276,DHL,2026-01-13 11:00:00,2026-01-17 10:00:00,7.78
9277,1277,FEDEX,2026-01-13 22:00:00,2026-01-17 12:00:00,5.76
9278,1278,UPS,2026-01-13 14:00:00,2026-01-17 05:00:00,23.17
9279,1279,BLUE_DART,2026-01-14 00:00:00,2026-01-17 12:00:00,26.85
9280,1280,DHL,2026-01-13 20:00:00,,10.52
9281,1281,BLUE_DART,2026-01-13 15:00:00,2026-01-18 10:00:00,8.96
9282,1282,UPS,2026-01-13 08:00:00,2026-01-18 05:00:00,6.56
9283,1283,UPS,2026-01-14 16:00:00,2026-01-18 16:00:00,25.57
9284,1284,BLUE_DART,2026-01-13 08:00:00,2026-01-18 06:00:00,12.78
9285,1285,UPS,2026-01-14 03:00:00,2026-01-17 12:00:00,15.04
9286,1286,DHL,2026-01-14 07:00:00,2026-01-18 19:00:00,17.57
9287,1287,BLUE_DART,2026-01-13 13:00:00,2026-01-16 20:00:00,25.99
9288,1288,UPS,2026-01-13 21:00:00,,21.27
9289,1289,BLUE_DART,2026-01-13 07:00:00,2026-01-15 13:00:00,20.38
9290,1290,DHL,2026-01-13 12:00:00,2026-01-16 15:00:00,9.39
9291,1291,UPS,2026-01-13 12:00:00,2026-01-18 04:00:00,17.83
9292,1292,DHL,2026-01-14 12:00:00,2026-01-18 15:00:00,22.88
9293,1293,UPS,2026-01-15 02:00:00,2026-01-16 02:00:00,29.33
9294,1294,FEDEX,2026-01-13 15:00:00,2026-01-16 21:00:00,10.04
9295,1295,UPS,2026-01-14 05:00:00,2026-01-16 02:00:00,5.24
9296,1296,BLUE_DART,2026-01-14 14:00:00,2026-01-17 05:00:00,6.88
9297,1297,UPS,2026-01-14 09:00:00,2026-01-15 09:00:00,14.4
9298,1298,DHL,2026-01-15 07:00:00,2026-01-18 23:00:00,25.51
9299,1299,DHL,2026-01-14 18:00:00,2026-01-18 08:00:00,5.18
9300,1300,UPS,2026-01-14 04:00:00,2026-01-17 09:00:00,16.42
9301,1301,BLUE_DART,2026-01-14 00:00:00,2026-01-16 17:00:00,13.23
9302,1302,FEDEX,2026-01-13 21:00:00,2026-01-15 17:00:00,6.31
9303,1303,BLUE_DART,2026-01-14 05:00:00,2026-01-18 11:00:00,16.26
9304,1304,FEDEX,2026-01-15 06:00:00,2026-01-19 14:00:00,11.37
9305,1305,DHL,2026-01-14 22:00:00,2026-01-16 19:00:00,13.8
9306,1306,BLUE_DART,2026-01-15 09:00:00,2026-01-17 22:00:00,22.64
9307,1307,FEDEX,2026-01-14 15:00:00,2026-01-18 22:00:00,18.04
9308,1308,UPS,2026-01-14 02:00:00,2026-01-15 09:00:00,8.12
9309,1309,DHL,2026-01-15 01:00:00,2026-01-18 14:00:00,29.04
9310,1310,UPS,2026-01-14 12:00:00,2026-01-17 10:00:00,20.9
9311,1311,DHL,2026-01-15 17:00:00,2026-01-17 09:00:00,24.15
9312,1312,BLUE_DART,2026-01-15 02:00:00,2026-01-16 18:00:00,6.98
9313,1313,BLUE_DART,2026-01-15 07:00:00,2026-01-20 00:00:00,6.18
9314,1314,DHL,2026-01-15 21:00:00,2026-01-17 09:00:00,5.49
9315,1315,DHL,2026-01-15 10:00:00,2026-01-17 02:00:00,9.72
9316,1316,DHL,2026-01-15 13:00:00,2026-01-18 02:00:00,15.36
9317,1317,BLUE_DART,2026-01-15 23:00:00,2026-01-20 07:00:00,28.4
9318,1318,FEDEX,2026-01-15 06:00:00,2026-01-19 11:00:00,16.43
9319,1319,UPS,2026-01-15 14:00:00,2026-01-18 10:00:00,12.26
9320,1320,UPS,2026-01-16 05:00:00,2026-01-17 10:00:00,19.05
9321,1321,BLUE_DART,2026-01-15 09:00:00,,7.8
9322,1322,UPS,2026-01-15 09:00:00,2026-01-16 22:00:00,20.24
9323,1323,DHL,2026-01-15 11:00:00,2026-01-19 10:00:00,19.21
9324,1324,FEDEX,2026-01-16 03:00:00,2026-01-19 15:00:00,24.8
9325,1325,UPS,2026-01-14 19:00:00,2026-01-16 09:00:00,29.67
9326,1326,FEDEX,2026-01-16 00:00:00,2026-01-19 05:00:00,11.27
9327,1327,DHL,2026-01-16 05:00:00,2026-01-18 07:00:00,17.74
9328,1328,UPS,2026-01-15 18:00:00,2026-01-17 06:00:00,27.72
9329,1329,BLUE_DART,2026-01-15 00:00:00,2026-01-17 06:00:00,24.63
9330,1330,FEDEX,2026-01-15 04:00:00,2026-01-17 14:00:00,17.19
9331,1331,DHL,2026-01-15 14:00:00,2026-01-19 01:00:00,28.63
9332,1332,FEDEX,2026-01-16 03:00:00,,6.43
9333,1333,UPS,2026-01-15 11:00:00,2026-01-19 07:00:00,28.27
9334,1334,UPS,2026-01-15 11:00:00,2026-01-20 00:00:00,6.26
9335,1335,BLUE_DART,2026-01-16 12:00:00,2026-01-19 21:00:00,18.68
9336,1336,DHL,2026-01-16 12:00:00,2026-01-19 12:00:00,27.26
9337,1337,DHL,2026-01-15 11:00:00,2026-01-17 09:00:00,11.57
9338,1338,BLUE_DART,2026-01-16 23:00:00,2026-01-21 15:00:00,16.81
9339,1339,BLUE_DART,2026-01-16 19:00:00,2026-01-19 04:00:00,13.11
9340,1340,DHL,2026-01-15 10:00:00,2026-01-17 11:00:00,28.8
9341,1341,FEDEX,2026-01-16 14:00:00,2026-01-19 12:00:00,25.59
9342,1342,FEDEX,2026-01-15 14:00:00,2026-01-16 18:00:00,22.73
9343,1343,BLUE_DART,2026-01-15 12:00:00,2026-01-20 05:00:00,19.69
9344,1344,FEDEX,2026-01-16 07:00:00,2026-01-18 02:00:00,25.51
9345,1345,DHL,2026-01-16 15:00:00,2026-01-17 20:00:00,14.81
9346,1346,UPS,2026-01-16 15:00:00,2026-01-20 12:00:00,16.19
9347,1347,UPS,2026-01-16 01:00:00,2026-01-19 11:00:00,23.25
9348,1348,FEDEX,2026-01-16 07:00:00,2026-01-19 22:00:00,13.94
9349,1349,BLUE_DART,2026-01-16 15:00:00,2026-01-18 08:00:00,6.6
9350,1350,BLUE_DART,2026-01-16 15:00:00,2026-01-17 18:00:00,6.86
9351,1351,BLUE_DART,2026-01-16 17:00:00,2026-01-18 09:00:00,7.88
9352,1352,BLUE_DART,2026-01-17 08:00:00,2026-01-18 21:00:00,26.74
9353,1353,BLUE_DART,2026-01-17 07:00:00,2026-01-21 12:00:00,16.81
9354,1354,FEDEX,2026-01-17 04:00:00,2026-01-18 16:00:00,22.82
9355,1355,UPS,2026-01-17 00:00:00,2026-01-18 06:00:00,14.82
9356,1356,UPS,2026-01-17 04:00:00,2026-01-19 23:00:00,11.47
9357,1357,FEDEX,2026-01-16 02:00:00,2026-01-17 16:00:00,13.68
9358,1358,BLUE_DART,2026-01-16 06:00:00,2026-01-18 00:00:00,24.85
9359,1359,FEDEX,2026-01-16 10:00:00,2026-01-20 00:00:00,20.63
9360,1360,UPS,2026-01-16 13:00:00,2026-01-18 23:00:00,28.44
9361,1361,DHL,2026-01-17 17:00:00,2026-01-22 01:00:00,21.99
9362,1362,FEDEX,2026-01-17 01:00:00,2026-01-19 11:00:00,19.25
9363,1363,BLUE_DART,2026-01-16 08:00:00,2026-01-18 02:00:00,20.25
9364,1364,UPS,2026-01-16 18:00:00,2026-01-18 13:00:00,28.56
9365,1365,UPS,2026-01-17 21:00:00,2026-01-20 07:00:00,24.71
9366,1366,UPS,2026-01-16 19:00:00,2026-01-19 02:00:00,5.6
9367,1367,UPS,2026-01-18 05:00:00,2026-01-21 04:00:00,18.35
9368,1368,BLUE_DART,2026-01-17 20:00:00,2026-01-20 15:00:00,22.21
9369,1369,DHL,2026-01-17 21:00:00,2026-01-19 20:00:00,23.72
9370,1370,UPS,2026-01-16 20:00:00,2026-01-20 08:00:00,10.33
9371,1371,FEDEX,2026-01-18 05:00:00,2026-01-19 21:00:00,26.68
9372,1372,DHL,2026-01-17 09:00:00,2026-01-21 07:00:00,28.9
9373,1373,UPS,2026-01-17 03:00:00,2026-01-20 04:00:00,10.92
9374,1374,DHL,2026-01-17 21:00:00,2026-01-21 13:00:00,27.07
9375,1375,FEDEX,2026-01-18 06:00:00,2026-01-20 13:00:00,7.42
9376,1376,UPS,2026-01-17 17:00:00,2026-01-20 04:00:00,6.39
9377,1377,FEDEX,2026-01-17 22:00:00,2026-01-19 10:00:00,8.23
9378,1378,BLUE_DART,2026-01-18 02:00:00,2026-01-21 23:00:00,6.44
9379,1379,UPS,2026-01-17 14:00:00,2026-01-20 23:00:00,26.13
9380,1380,UPS,2026-01-17 04:00:00,2026-01-18 17:00:00,6.48
9381,1381,UPS,2026-01-18 06:00:00,2026-01-20 18:00:00,11.79
9382,1382,UPS,2026-01-17 11:00:00,2026-01-21 17:00:00,7.59
9383,1383,BLUE_DART,2026-01-18 06:00:00,2026-01-22 01:00:00,12.39
9384,1384,UPS,2026-01-18 06:00:00,2026-01-20 21:00:00,7.26
9385,1385,DHL,2026-01-18 00:00:00,2026-01-21 10:00:00,21.7
9386,1386,UPS,2026-01-18 10:00:00,2026-01-22 17:00:00,8.33
9387,1387,BLUE_DART,2026-01-18 00:00:00,2026-01-22 19:00:00,26.3
9388,1388,UPS,2026-01-19 01:00:00,2026-01-20 16:00:00,25.43
9389,1389,DHL,2026-01-19 03:00:00,2026-01-22 16:00:00,5.34
9390,1390,BLUE_DART,2026-01-18 06:00:00,2026-01-19 09:00:00,27.39
9391,1391,BLUE_DART,2026-01-19 03:00:00,2026-01-21 23:00:00,5.72
9392,1392,DHL,2026-01-19 03:00:00,2026-01-23 20:00:00,10.99
9393,1393,DHL,2026-01-18 12:00:00,2026-01-20 15:00:00,5.81
9394,1394,DHL,2026-01-18 22:00:00,2026-01-23 21:00:00,13.4
9395,1395,DHL,2026-01-19 00:00:00,2026-01-22 17:00:00,17.85
9396,1396,DHL,2026-01-17 21:00:00,2026-01-20 03:00:00,24.92
9397,1397,BLUE_DART,2026-01-19 03:00:00,2026-01-20 05:00:00,13.45
9398,1398,BLUE_DART,2026-01-19 10:00:00,2026-01-20 17:00:00,22.64
9399,1399,UPS,2026-01-18 06:00:00,2026-01-20 05:00:00,9.69
9400,1400,UPS,2026-01-17 23:00:00,,23.76
9401,1401,FEDEX,2026-01-19 06:00:00,2026-01-22 00:00:00,10.9
9402,1402,UPS,2026-01-18 09:00:00,2026-01-20 15:00:00,8.59
9403,1403,UPS,2026-01-18 15:00:00,2026-01-22 15:00:00,9.64
9404,1404,DHL,2026-01-18 18:00:00,2026-01-21 14:00:00,9.55
9405,1405,DHL,2026-01-19 07:00:00,2026-01-23 00:00:00,17.82
9406,1406,UPS,2026-01-18 12:00:00,2026-01-19 19:00:00,26.12
9407,1407,FEDEX,2026-01-18 21:00:00,,6.99
9408,1408,DHL,2026-01-19 18:00:00,2026-01-23 02:00:00,22.67
9409,1409,UPS,2026-01-19 00:00:00,2026-01-23 07:00:00,21.36
9410,1410,UPS,2026-01-19 18:00:00,2026-01-21 23:00:00,26.81
9411,1411,BLUE_DART,2026-01-18 20:00:00,2026-01-22 21:00:00,11.1
9412,1412,FEDEX,2026-01-18 11:00:00,2026-01-20 04:00:00,16.25
9413,1413,BLUE_DART,2026-01-18 19:00:00,2026-01-22 15:00:00,28.15
9414,1414,FEDEX,2026-01-20 00:00:00,,21.5
9415,1415,DHL,2026-01-18 12:00:00,2026-01-21 02:00:00,14.72
9416,1416,FEDEX,2026-01-19 15:00:00,2026-01-23 02:00:00,8.29
9417,1417,UPS,2026-01-18 21:00:00,2026-01-21 15:00:00,11.56
9418,1418,UPS,2026-01-20 08:00:00,2026-01-23 04:00:00,19.53
9419,1419,FEDEX,2026-01-19 08:00:00,2026-01-21 06:00:00,22.95
9420,1420,FEDEX,2026-01-19 01:00:00,2026-01-22 21:00:00,8.11
9421,1421,FEDEX,2026-01-18 23:00:00,2026-01-23 20:00:00,19.99
9422,1422,BLUE_DART,2026-01-19 19:00:00,2026-01-21 00:00:00,18.76
9423,1423,FEDEX,2026-01-20 10:00:00,2026-01-23 17:00:00,17.85
9424,1424,DHL,2026-01-20 00:00:00,2026-01-21 03:00:00,22.25
9425,1425,BLUE_DART,2026-01-20 06:00:00,2026-01-25 02:00:00,25.94
9426,1426,BLUE_DART,2026-01-20 11:00:00,2026-01-22 09:00:00,13.07
9427,1427,FEDEX,2026-01-19 08:00:00,2026-01-20 13:00:00,27.23
9428,1428,DHL,2026-01-19 18:00:00,2026-01-22 01:00:00,9.02
9429,1429,BLUE_DART,2026-01-19 22:00:00,2026-01-21 15:00:00,9.33
9430,1430,UPS,2026-01-19 04:00:00,2026-01-20 18:00:00,11.67
9431,1431,BLUE_DART,2026-01-20 17:00:00,2026-01-23 08:00:00,7.99
9432,1432,FEDEX,2026-01-20 20:00:00,2026-01-25 19:00:00,10.76
9433,1433,DHL,2026-01-20 17:00:00,2026-01-24 17:00:00,7.66
9434,1434,FEDEX,2026-01-20 19:00:00,2026-01-24 20:00:00,25.54
9435,1435,UPS,2026-01-19 22:00:00,2026-01-24 09:00:00,8.47
9436,1436,UPS,2026-01-20 12:00:00,,23.68
9437,1437,UPS,2026-01-20 03:00:00,2026-01-23 17:00:00,6.2
9438,1438,FEDEX,2026-01-20 20:00:00,2026-01-24 14:00:00,28.71
9439,1439,BLUE_DART,2026-01-20 09:00:00,2026-01-21 19:00:00,22.78
9440,1440,FEDEX,2026-01-19 23:00:00,2026-01-22 17:00:00,5.17
9441,1441,DHL,2026-01-20 02:00:00,2026-01-21 18:00:00,24.1
9442,1442,BLUE_DART,2026-01-19 18:00:00,2026-01-24 17:00:00,17.85
9443,1443,UPS,2026-01-20 13:00:00,2026-01-21 16:00:00,24.48
9444,1444,FEDEX,2026-01-19 23:00:00,2026-01-23 13:00:00,18.06
9445,1445,UPS,2026-01-20 17:00:00,2026-01-24 12:00:00,21.03
9446,1446,UPS,2026-01-19 22:00:00,2026-01-24 06:00:00,24.66
9447,1447,DHL,2026-01-20 23:00:00,2026-01-23 15:00:00,15.13
9448,1448,BLUE_DART,2026-01-20 11:00:00,2026-01-24 21:00:00,5.07
9449,1449,DHL,2026-01-19 22:00:00,2026-01-21 02:00:00,26.25
9450,1450,DHL,2026-01-20 01:00:00,2026-01-22 08:00:00,14.52
9451,1451,DHL,2026-01-20 13:00:00,2026-01-25 02:00:00,17.4
9452,1452,UPS,2026-01-21 14:00:00,2026-01-25 11:00:00,5.19
9453,1453,DHL,2026-01-20 02:00:00,2026-01-22 12:00:00,17.3
9454,1454,DHL,2026-01-21 16:00:00,2026-01-23 13:00:00,29.66
9455,1455,BLUE_DART,2026-01-21 17:00:00,2026-01-25 09:00:00,11.96
9456,1456,BLUE_DART,2026-01-21 01:00:00,2026-01-25 12:00:00,14.89
9457,1457,DHL,2026-01-21 10:00:00,2026-01-23 07:00:00,22.18
9458,1458,BLUE_DART,2026-01-20 11:00:00,,25.37
9459,1459,BLUE_DART,2026-01-20 17:00:00,2026-01-24 21:00:00,15.43
9460,1460,DHL,2026-01-21 12:00:00,2026-01-22 14:00:00,12.74
9461,1461,UPS,2026-01-21 06:00:00,2026-01-22 14:00:00,28.45
9462,1462,DHL,2026-01-20 17:00:00,2026-01-24 04:00:00,21.93
9463,1463,BLUE_DART,2026-01-20 14:00:00,2026-01-24 17:00:00,7.98
9464,1464,UPS,2026-01-21 08:00:00,2026-01-25 22:00:00,6.72
9465,1465,FEDEX,2026-01-21 08:00:00,2026-01-22 21:00:00,17.09
9466,1466,UPS,2026-01-22 01:00:00,2026-01-23 18:00:00,10.5
9467,1467,BLUE_DART,2026-01-20 19:00:00,2026-01-24 19:00:00,11.35
9468,1468,UPS,2026-01-20 21:00:00,2026-01-22 19:00:00,26.94
9469,1469,DHL,2026-01-20 18:00:00,2026-01-24 19:00:00,7.24
9470,1470,FEDEX,2026-01-20 22:00:00,2026-01-25 08:00:00,22.88
9471,1471,FEDEX,2026-01-21 07:00:00,2026-01-24 05:00:00,11.78
9472,1472,FEDEX,2026-01-21 23:00:00,2026-01-25 19:00:00,24.01
9473,1473,BLUE_DART,2026-01-22 15:00:00,,23.06
9474,1474,BLUE_DART,2026-01-21 21:00:00,2026-01-26 11:00:00,5.18
9475,1475,FEDEX,2026-01-22 00:00:00,2026-01-24 05:00:00,17.73
9476,1476,UPS,2026-01-21 21:00:00,2026-01-23 21:00:00,8.48
9477,1477,FEDEX,2026-01-22 01:00:00,2026-01-24 04:00:00,26.66
9478,1478,UPS,2026-01-22 03:00:00,2026-01-24 03:00:00,26.79
9479,1479,UPS,2026-01-22 11:00:00,2026-01-26 12:00:00,15.46
9480,1480,BLUE_DART,2026-01-22 12:00:00,2026-01-26 17:00:00,16.11
9481,1481,UPS,2026-01-21 10:00:00,2026-01-24 19:00:00,12.58
9482,1482,FEDEX,2026-01-22 18:00:00,2026-01-27 15:00:00,22.92
9483,1483,BLUE_DART,2026-01-23 01:00:00,2026-01-25 17:00:00,13.97
9484,1484,DHL,2026-01-23 02:00:00,2026-01-25 02:00:00,11.69
9485,1485,DHL,2026-01-23 00:00:00,2026-01-27 05:00:00,15.81
9486,1486,BLUE_DART,2026-01-22 02:00:00,2026-01-25 01:00:00,7.29
9487,1487,FEDEX,2026-01-22 20:00:00,2026-01-24 05:00:00,23.67
9488,1488,DHL,2026-01-22 09:00:00,2026-01-26 11:00:00,5.31
9489,1489,DHL,2026-01-21 22:00:00,2026-01-23 08:00:00,21.11
9490,1490,UPS,2026-01-21 20:00:00,2026-01-26 08:00:00,9.57
9491,1491,UPS,2026-01-23 02:00:00,2026-01-24 22:00:00,10.81
9492,1492,FEDEX,2026-01-23 07:00:00,2026-01-27 20:00:00,20.89
9493,1493,BLUE_DART,2026-01-22 15:00:00,2026-01-25 11:00:00,29.82
9494,1494,FEDEX,2026-01-23 11:00:00,2026-01-24 17:00:00,24.44
9495,1495,BLUE_DART,2026-01-22 00:00:00,2026-01-26 08:00:00,10.65
9496,1496,DHL,2026-01-23 14:00:00,2026-01-27 05:00:00,9.4
9497,1497,UPS,2026-01-22 20:00:00,2026-01-26 11:00:00,26.66
9498,1498,FEDEX,2026-01-22 15:00:00,2026-01-23 16:00:00,16.1
9499,1499,FEDEX,2026-01-22 11:00:00,2026-01-26 14:00:00,8.43
9500,1500,BLUE_DART,2026-01-22 23:00:00,2026-01-25 16:00:00,26.56
9501,1501,BLUE_DART,2026-01-22 17:00:00,2026-01-27 02:00:00,25.4
9502,1502,FEDEX,2026-01-22 05:00:00,2026-01-25 10:00:00,29.6
9503,1503,BLUE_DART,2026-01-23 09:00:00,2026-01-27 11:00:00,27.74
9504,1504,FEDEX,2026-01-23 02:00:00,2026-01-24 17:00:00,26.29
9505,1505,FEDEX,2026-01-22 14:00:00,2026-01-24 07:00:00,6.31
9506,1506,FEDEX,2026-01-23 11:00:00,2026-01-26 21:00:00,7.61
9507,1507,DHL,2026-01-23 20:00:00,2026-01-28 13:00:00,19.22
9508,1508,BLUE_DART,2026-01-23 07:00:00,2026-01-24 22:00:00,18.29
9509,1509,UPS,2026-01-22 22:00:00,2026-01-24 03:00:00,16.45
9510,1510,UPS,2026-01-23 18:00:00,2026-01-27 02:00:00,14.92
9511,1511,BLUE_DART,2026-01-23 10:00:00,2026-01-26 08:00:00,15.78
9512,1512,FEDEX,2026-01-23 05:00:00,2026-01-26 04:00:00,19.23
9513,1513,UPS,2026-01-24 05:00:00,,5.05
9514,1514,UPS,2026-01-23 11:00:00,2026-01-27 14:00:00,11.52
9515,1515,BLUE_DART,2026-01-22 17:00:00,2026-01-26 04:00:00,17.96
9516,1516,UPS,2026-01-24 05:00:00,2026-01-28 09:00:00,23.06
9517,1517,FEDEX,2026-01-22 23:00:00,2026-01-24 02:00:00,9.35
9518,1518,BLUE_DART,2026-01-23 12:00:00,2026-01-24 13:00:00,18.67
9519,1519,FEDEX,2026-01-24 01:00:00,2026-01-28 18:00:00,22.86
9520,1520,UPS,2026-01-23 18:00:00,2026-01-27 04:00:00,16.12
9521,1521,UPS,2026-01-24 06:00:00,2026-01-26 08:00:00,5.68
9522,1522,FEDEX,2026-01-24 04:00:00,2026-01-26 06:00:00,16.23
9523,1523,DHL,2026-01-23 16:00:00,2026-01-27 22:00:00,12.41
9524,1524,UPS,2026-01-24 08:00:00,2026-01-28 07:00:00,28.24
9525,1525,DHL,2026-01-24 19:00:00,2026-01-26 01:00:00,8.12
9526,1526,UPS,2026-01-23 16:00:00,2026-01-27 06:00:00,21.31
9527,1527,DHL,2026-01-23 13:00:00,2026-01-26 10:00:00,6.32
9528,1528,DHL,2026-01-24 16:00:00,2026-01-28 06:00:00,16.15
9529,1529,DHL,2026-01-24 15:00:00,2026-01-26 02:00:00,18.85
9530,1530,FEDEX,2026-01-23 15:00:00,2026-01-25 03:00:00,12.45
9531,1531,DHL,2026-01-25 01:00:00,2026-01-27 19:00:00,16.38
9532,1532,DHL,2026-01-24 12:00:00,2026-01-26 04:00:00,9.09
9533,1533,DHL,2026-01-23 20:00:00,2026-01-27 10:00:00,12.6
9534,1534,UPS,2026-01-24 00:00:00,,20.53
9535,1535,DHL,2026-01-25 02:00:00,2026-01-27 13:00:00,12.55
9536,1536,UPS,2026-01-24 07:00:00,2026-01-28 19:00:00,27.49
9537,1537,DHL,2026-01-24 04:00:00,2026-01-25 11:00:00,20.71
9538,1538,DHL,2026-01-24 18:00:00,2026-01-28 14:00:00,15.97
9539,1539,FEDEX,2026-01-24 15:00:00,2026-01-29 08:00:00,5.97
9540,1540,UPS,2026-01-24 00:00:00,2026-01-28 07:00:00,17.49
9541,1541,DHL,2026-01-24 02:00:00,2026-01-26 13:00:00,24.12
9542,1542,UPS,2026-01-25 03:00:00,2026-01-27 06:00:00,11.64
9543,1543,UPS,2026-01-25 04:00:00,2026-01-30 00:00:00,25.17
9544,1544,BLUE_DART,2026-01-24 15:00:00,2026-01-27 13:00:00,11.3
9545,1545,FEDEX,2026-01-24 00:00:00,2026-01-28 03:00:00,25.59
9546,1546,FEDEX,2026-01-24 08:00:00,2026-01-26 13:00:00,7.13
9547,1547,FEDEX,2026-01-25 15:00:00,2026-01-27 13:00:00,26.65
9548,1548,BLUE_DART,2026-01-25 18:00:00,2026-01-27 09:00:00,17.48
9549,1549,BLUE_DART,2026-01-24 02:00:00,2026-01-25 15:00:00,12.41
9550,1550,FEDEX,2026-01-25 07:00:00,2026-01-29 08:00:00,11.63
9551,1551,BLUE_DART,2026-01-25 13:00:00,2026-01-29 11:00:00,15.8
9552,1552,BLUE_DART,2026-01-24 17:00:00,2026-01-27 20:00:00,29.98
9553,1553,BLUE_DART,2026-01-24 06:00:00,2026-01-26 18:00:00,10.51
9554,1554,FEDEX,2026-01-25 16:00:00,2026-01-27 20:00:00,7.58
9555,1555,FEDEX,2026-01-25 12:00:00,2026-01-29 06:00:00,19.63
9556,1556,FEDEX,2026-01-24 21:00:00,2026-01-26 11:00:00,17.21
9557,1557,BLUE_DART,2026-01-25 14:00:00,2026-01-28 12:00:00,18.1
9558,1558,FEDEX,2026-01-26 01:00:00,2026-01-28 22:00:00,21.67
9559,1559,BLUE_DART,2026-01-25 11:00:00,2026-01-28 14:00:00,11.68
9560,1560,DHL,2026-01-25 14:00:00,2026-01-27 08:00:00,27.77
9561,1561,BLUE_DART,2026-01-25 06:00:00,2026-01-29 10:00:00,15.89
9562,1562,UPS,2026-01-24 21:00:00,2026-01-26 17:00:00,8.23
9563,1563,FEDEX,2026-01-25 04:00:00,2026-01-28 19:00:00,23.56
9564,1564,FEDEX,2026-01-24 21:00:00,2026-01-27 09:00:00,21.08
9565,1565,UPS,2026-01-25 19:00:00,2026-01-27 21:00:00,12.89
9566,1566,BLUE_DART,2026-01-24 21:00:00,2026-01-28 03:00:00,20.54
9567,1567,DHL,2026-01-25 02:00:00,2026-01-27 06:00:00,10.5
9568,1568,UPS,2026-01-26 11:00:00,2026-01-28 06:00:00,16.12
9569,1569,UPS,2026-01-24 22:00:00,,27.49
9570,1570,BLUE_DART,2026-01-25 15:00:00,2026-01-29 12:00:00,8.34
9571,1571,FEDEX,2026-01-26 00:00:00,,14.67
9572,1572,BLUE_DART,2026-01-25 03:00:00,2026-01-27 14:00:00,25.53
9573,1573,UPS,2026-01-25 16:00:00,2026-01-26 17:00:00,29.24
9574,1574,UPS,2026-01-26 07:00:00,2026-01-28 04:00:00,16.35
9575,1575,FEDEX,2026-01-26 11:00:00,2026-01-31 10:00:00,17.67
9576,1576,FEDEX,2026-01-26 06:00:00,2026-01-27 21:00:00,19.3
9577,1577,FEDEX,2026-01-25 21:00:00,2026-01-27 14:00:00,28.31
9578,1578,BLUE_DART,2026-01-26 07:00:00,,26.46
9579,1579,FEDEX,2026-01-26 11:00:00,,9.27
9580,1580,UPS,2026-01-25 17:00:00,2026-01-27 22:00:00,15.92
9581,1581,UPS,2026-01-25 10:00:00,2026-01-28 06:00:00,16.6
9582,1582,DHL,2026-01-26 15:00:00,2026-01-28 09:00:00,24.73
9583,1583,BLUE_DART,2026-01-26 09:00:00,2026-01-30 23:00:00,20.07
9584,1584,DHL,2026-01-26 04:00:00,2026-01-28 13:00:00,21.36
9585,1585,UPS,2026-01-27 06:00:00,2026-01-28 18:00:00,29.95
9586,1586,DHL,2026-01-27 07:00:00,2026-01-30 01:00:00,6.87
9587,1587,UPS,2026-01-25 22:00:00,2026-01-29 11:00:00,10.58
9588,1588,DHL,2026-01-26 06:00:00,2026-01-31 02:00:00,15.2
9589,1589,FEDEX,2026-01-26 22:00:00,2026-01-28 19:00:00,13.69
9590,1590,DHL,2026-01-26 13:00:00,2026-01-29 16:00:00,5.54
9591,1591,FEDEX,2026-01-26 14:00:00,2026-01-29 17:00:00,7.29
9592,1592,FEDEX,2026-01-25 22:00:00,2026-01-28 09:00:00,22.02
9593,1593,BLUE_DART,2026-01-27 14:00:00,2026-01-31 14:00:00,26.98
9594,1594,FEDEX,2026-01-26 13:00:00,2026-01-28 07:00:00,17.86
9595,1595,FEDEX,2026-01-26 02:00:00,2026-01-28 15:00:00,18.48
9596,1596,DHL,2026-01-26 11:00:00,2026-01-30 08:00:00,11.38
9597,1597,UPS,2026-01-27 07:00:00,2026-01-31 13:00:00,24.2
9598,1598,BLUE_DART,2026-01-27 18:00:00,2026-01-31 02:00:00,23.79
9599,1599,FEDEX,2026-01-26 21:00:00,2026-01-28 16:00:00,19.71
9600,1600,BLUE_DART,2026-01-26 06:00:00,2026-01-27 14:00:00,10.32
9601,1601,DHL,2026-01-27 13:00:00,2026-01-29 20:00:00,7.43
9602,1602,FEDEX,2026-01-26 14:00:00,2026-01-27 17:00:00,6.61
9603,1603,DHL,2026-01-27 05:00:00,2026-01-30 06:00:00,19.82
9604,1604,BLUE_DART,2026-01-26 14:00:00,2026-01-30 23:00:00,25.63
9605,1605,DHL,2026-01-26 21:00:00,2026-01-28 01:00:00,26.46
9606,1606,BLUE_DART,2026-01-28 02:00:00,2026-01-29 21:00:00,16.59
9607,1607,DHL,2026-01-27 23:00:00,2026-02-01 13:00:00,24.61
9608,1608,BLUE_DART,2026-01-27 03:00:00,2026-01-31 05:00:00,28.67
9609,1609,UPS,2026-01-27 17:00:00,2026-01-30 05:00:00,11.88
9610,1610,DHL,2026-01-27 08:00:00,2026-01-29 05:00:00,14.95
9611,1611,DHL,2026-01-26 17:00:00,2026-01-30 02:00:00,28.29
9612,1612,UPS,2026-01-27 05:00:00,2026-01-31 00:00:00,13.46
9613,1613,UPS,2026-01-27 08:00:00,2026-02-01 04:00:00,27.85
9614,1614,DHL,2026-01-27 14:00:00,2026-01-30 09:00:00,29.53
9615,1615,UPS,2026-01-28 00:00:00,2026-01-30 09:00:00,21.55
9616,1616,FEDEX,2026-01-28 14:00:00,2026-02-01 18:00:00,25.42
9617,1617,BLUE_DART,2026-01-28 02:00:00,2026-01-30 19:00:00,23.74
9618,1618,BLUE_DART,2026-01-27 01:00:00,2026-01-28 09:00:00,22.49
9619,1619,BLUE_DART,2026-01-27 18:00:00,,12.67
9620,1620,FEDEX,2026-01-27 03:00:00,2026-01-28 09:00:00,6.43
9621,1621,UPS,2026-01-27 15:00:00,2026-01-31 10:00:00,13.58
9622,1622,UPS,2026-01-28 18:00:00,2026-01-30 12:00:00,21.67
9623,1623,DHL,2026-01-27 07:00:00,2026-02-01 04:00:00,7.56
9624,1624,UPS,2026-01-27 15:00:00,2026-01-29 21:00:00,5.3
9625,1625,DHL,2026-01-28 12:00:00,2026-01-30 22:00:00,8.49
9626,1626,FEDEX,2026-01-28 14:00:00,2026-01-31 22:00:00,22.89
9627,1627,BLUE_DART,2026-01-28 10:00:00,2026-02-01 22:00:00,29.32
9628,1628,BLUE_DART,2026-01-28 14:00:00,2026-02-01 02:00:00,29.58
9629,1629,BLUE_DART,2026-01-27 11:00:00,2026-01-29 17:00:00,17.35
9630,1630,UPS,2026-01-27 19:00:00,2026-02-01 05:00:00,26.73
9631,1631,DHL,2026-01-28 15:00:00,2026-02-02 13:00:00,23.42
9632,1632,DHL,2026-01-28 19:00:00,2026-01-31 23:00:00,17.53
9633,1633,FEDEX,2026-01-28 23:00:00,2026-01-31 06:00:00,19.32
9634,1634,UPS,2026-01-28 05:00:00,2026-01-31 22:00:00,8.43
9635,1635,FEDEX,2026-01-28 16:00:00,2026-02-01 02:00:00,28.44
9636,1636,DHL,2026-01-29 04:00:00,2026-01-30 13:00:00,13.8
9637,1637,DHL,2026-01-28 01:00:00,2026-01-29 02:00:00,16.15
9638,1638,BLUE_DART,2026-01-28 03:00:00,2026-01-31 20:00:00,21.79
9639,1639,UPS,2026-01-29 08:00:00,2026-02-01 19:00:00,13.35
9640,1640,DHL,2026-01-29 11:00:00,2026-02-03 02:00:00,11.36
9641,1641,BLUE_DART,2026-01-29 05:00:00,,20.78
9642,1642,UPS,2026-01-28 15:00:00,2026-02-02 14:00:00,5.62
9643,1643,FEDEX,2026-01-29 10:00:00,2026-01-31 01:00:00,23.02
9644,1644,UPS,2026-01-29 13:00:00,2026-01-31 04:00:00,17.85
9645,1645,UPS,2026-01-28 20:00:00,2026-01-31 17:00:00,20.14
9646,1646,DHL,2026-01-29 07:00:00,2026-01-31 21:00:00,20.8
9647,1647,DHL,2026-01-28 10:00:00,2026-01-30 16:00:00,18.18
9648,1648,UPS,2026-01-29 08:00:00,2026-02-02 23:00:00,19.56
9649,1649,DHL,2026-01-28 14:00:00,2026-01-29 14:00:00,22.09
9650,1650,DHL,2026-01-29 10:00:00,2026-01-30 20:00:00,23.83
9651,1651,DHL,2026-01-28 13:00:00,2026-02-02 01:00:00,23.19
9652,1652,BLUE_DART,2026-01-29 13:00:00,2026-01-30 16:00:00,26.74
9653,1653,BLUE_DART,2026-01-29 02:00:00,2026-02-02 00:00:00,9.74
9654,1654,UPS,2026-01-29 02:00:00,,15.03
9655,1655,DHL,2026-01-29 10:00:00,2026-02-01 11:00:00,28.69
9656,1656,BLUE_DART,2026-01-29 19:00:00,2026-01-31 06:00:00,14.91
9657,1657,UPS,2026-01-28 16:00:00,2026-02-02 14:00:00,8.12
9658,1658,DHL,2026-01-29 11:00:00,2026-02-02 19:00:00,18.14
9659,1659,FEDEX,2026-01-29 17:00:00,2026-02-02 19:00:00,7.74
9660,1660,DHL,2026-01-30 04:00:00,2026-02-03 23:00:00,10.07
9661,1661,DHL,2026-01-30 11:00:00,2026-02-04 10:00:00,29.96
9662,1662,BLUE_DART,2026-01-30 07:00:00,2026-02-02 23:00:00,18.53
9663,1663,UPS,2026-01-29 17:00:00,2026-02-01 15:00:00,12.1
9664,1664,UPS,2026-01-30 14:00:00,2026-02-04 09:00:00,29.87
9665,1665,BLUE_DART,2026-01-29 09:00:00,2026-02-01 13:00:00,29.16
9666,1666,DHL,2026-01-30 16:00:00,2026-02-03 14:00:00,16.02
9667,1667,FEDEX,2026-01-29 12:00:00,,11.51
9668,1668,DHL,2026-01-29 11:00:00,2026-01-31 10:00:00,25.96
9669,1669,DHL,2026-01-29 17:00:00,2026-01-30 20:00:00,22.89
9670,1670,FEDEX,2026-01-29 10:00:00,2026-01-31 04:00:00,22.17
9671,1671,BLUE_DART,2026-01-30 19:00:00,2026-02-01 20:00:00,27.33
9672,1672,UPS,2026-01-30 20:00:00,2026-02-03 22:00:00,22.24
9673,1673,BLUE_DART,2026-01-29 07:00:00,2026-01-31 22:00:00,12.09
9674,1674,BLUE_DART,2026-01-30 12:00:00,2026-02-02 13:00:00,22.35
9675,1675,DHL,2026-01-30 13:00:00,2026-02-02 07:00:00,12.65
9676,1676,UPS,2026-01-29 20:00:00,2026-02-02 22:00:00,23.98
9677,1677,UPS,2026-01-29 19:00:00,2026-02-02 13:00:00,20.49
9678,1678,BLUE_DART,2026-01-29 21:00:00,2026-01-31 08:00:00,6.94
9679,1679,FEDEX,2026-01-30 02:00:00,2026-02-02 20:00:00,17.82
9680,1680,BLUE_DART,2026-01-30 04:00:00,2026-02-01 06:00:00,13.58
9681,1681,FEDEX,2026-01-30 06:00:00,2026-02-02 11:00:00,13.21
9682,1682,UPS,2026-01-30 16:00:00,2026-02-03 09:00:00,20.06
9683,1683,BLUE_DART,2026-01-29 17:00:00,2026-02-01 17:00:00,13.06
9684,1684,DHL,2026-01-30 04:00:00,2026-01-31 19:00:00,24.42
9685,1685,BLUE_DART,2026-01-30 19:00:00,2026-01-31 20:00:00,6.77
9686,1686,UPS,2026-01-30 17:00:00,2026-02-03 04:00:00,21.51
9687,1687,DHL,2026-01-30 13:00:00,2026-02-02 18:00:00,25.23
9688,1688,DHL,2026-01-31 04:00:00,2026-02-02 09:00:00,21.82
9689,1689,FEDEX,2026-01-31 11:00:00,2026-02-04 22:00:00,17.43
9690,1690,DHL,2026-01-30 01:00:00,2026-02-01 14:00:00,28.76
9691,1691,DHL,2026-01-31 13:00:00,2026-02-02 16:00:00,12.5
9692,1692,BLUE_DART,2026-01-30 03:00:00,2026-02-01 03:00:00,5.48
9693,1693,UPS,2026-01-31 07:00:00,2026-02-05 06:00:00,15.8
9694,1694,FEDEX,2026-01-30 03:00:00,2026-01-31 12:00:00,5.83
9695,1695,BLUE_DART,2026-01-31 09:00:00,2026-02-03 20:00:00,28.85
9696,1696,DHL,2026-01-31 12:00:00,2026-02-03 05:00:00,10.25
9697,1697,DHL,2026-01-31 09:00:00,2026-02-03 00:00:00,24.72
9698,1698,FEDEX,2026-01-31 03:00:00,2026-02-04 07:00:00,24.36
9699,1699,UPS,2026-01-30 20:00:00,2026-02-02 13:00:00,10.44
9700,1700,FEDEX,2026-01-31 11:00:00,2026-02-03 09:00:00,20.53
9701,1701,BLUE_DART,2026-01-31 21:00:00,2026-02-03 09:00:00,6.2
9702,1702,FEDEX,2026-01-30 17:00:00,2026-02-04 00:00:00,17.09
9703,1703,DHL,2026-01-31 09:00:00,2026-02-02 06:00:00,5.37
9704,1704,BLUE_DART,2026-01-30 22:00:00,2026-02-03 06:00:00,28.03
9705,1705,DHL,2026-02-01 04:00:00,2026-02-05 15:00:00,29.4
9706,1706,UPS,2026-01-31 05:00:00,2026-02-02 07:00:00,10.56
9707,1707,DHL,2026-01-31 06:00:00,2026-02-02 22:00:00,10.2
9708,1708,DHL,2026-01-30 20:00:00,2026-02-04 03:00:00,23.84
9709,1709,FEDEX,2026-02-01 01:00:00,2026-02-03 10:00:00,11.33
9710,1710,DHL,2026-01-31 17:00:00,2026-02-03 00:00:00,27.38
9711,1711,BLUE_DART,2026-01-31 01:00:00,2026-02-04 18:00:00,19.35
9712,1712,BLUE_DART,2026-01-31 20:00:00,2026-02-05 12:00:00,13.77
9713,1713,UPS,2026-01-31 17:00:00,2026-02-04 10:00:00,25.82
9714,1714,BLUE_DART,2026-02-01 11:00:00,2026-02-02 22:00:00,17.34
9715,1715,FEDEX,2026-01-31 19:00:00,2026-02-03 10:00:00,27.79
9716,1716,UPS,2026-01-31 12:00:00,2026-02-04 12:00:00,28.2
9717,1717,BLUE_DART,2026-02-01 10:00:00,2026-02-05 13:00:00,9.14
9718,1718,FEDEX,2026-02-01 06:00:00,2026-02-05 23:00:00,5.06
9719,1719,BLUE_DART,2026-01-31 11:00:00,2026-02-04 11:00:00,29.6
9720,1720,BLUE_DART,2026-01-31 05:00:00,2026-02-01 14:00:00,27.65
9721,1721,DHL,2026-02-01 18:00:00,2026-02-06 17:00:00,6.39
9722,1722,BLUE_DART,2026-02-01 04:00:00,2026-02-04 03:00:00,25.83
9723,1723,BLUE_DART,2026-01-31 13:00:00,2026-02-02 08:00:00,16.45
9724,1724,FEDEX,2026-02-01 05:00:00,2026-02-03 19:00:00,11.47
9725,1725,FEDEX,2026-02-01 17:00:00,2026-02-05 04:00:00,26.97
9726,1726,DHL,2026-02-01 21:00:00,2026-02-05 14:00:00,9.92
9727,1727,BLUE_DART,2026-02-01 02:00:00,2026-02-04 18:00:00,28.68
9728,1728,DHL,2026-01-31 17:00:00,2026-02-03 19:00:00,10.14
9729,1729,BLUE_DART,2026-01-31 19:00:00,,20.34
9730,1730,UPS,2026-02-01 15:00:00,2026-02-03 14:00:00,10.58
9731,1731,UPS,2026-02-02 07:00:00,2026-02-04 09:00:00,18.64
9732,1732,DHL,2026-02-01 21:00:00,2026-02-02 22:00:00,22.1
9733,1733,DHL,2026-02-01 00:00:00,2026-02-03 06:00:00,9.76
9734,1734,DHL,2026-02-02 10:00:00,2026-02-05 18:00:00,18.02
9735,1735,FEDEX,2026-02-01 08:00:00,2026-02-05 13:00:00,16.73
9736,1736,FEDEX,2026-02-02 10:00:00,2026-02-06 03:00:00,6.78
9737,1737,FEDEX,2026-02-01 15:00:00,2026-02-03 19:00:00,25.46
9738,1738,DHL,2026-02-01 00:00:00,2026-02-02 14:00:00,13.39
9739,1739,BLUE_DART,2026-02-01 07:00:00,2026-02-02 18:00:00,19.36
9740,1740,UPS,2026-02-01 11:00:00,2026-02-03 14:00:00,17.87
9741,1741,DHL,2026-02-02 10:00:00,2026-02-06 21:00:00,17.83
9742,1742,FEDEX,2026-02-02 16:00:00,2026-02-04 15:00:00,7.68
9743,1743,FEDEX,2026-02-02 06:00:00,2026-02-04 02:00:00,15.59
9744,1744,DHL,2026-02-02 00:00:00,2026-02-03 09:00:00,16.31
9745,1745,DHL,2026-02-01 17:00:00,2026-02-05 22:00:00,23.34
9746,1746,FEDEX,2026-02-02 13:00:00,,26.0
9747,1747,BLUE_DART,2026-02-02 10:00:00,2026-02-07 01:00:00,18.62
9748,1748,FEDEX,2026-02-02 16:00:00,2026-02-04 05:00:00,7.17
9749,1749,FEDEX,2026-02-01 19:00:00,2026-02-04 04:00:00,10.92
9750,1750,DHL,2026-02-01 13:00:00,2026-02-04 22:00:00,9.12
9751,1751,BLUE_DART,2026-02-02 14:00:00,2026-02-06 17:00:00,8.12
9752,1752,FEDEX,2026-02-02 23:00:00,2026-02-04 20:00:00,14.15
9753,1753,FEDEX,2026-02-02 20:00:00,2026-02-06 17:00:00,10.73
9754,1754,UPS,2026-02-02 05:00:00,2026-02-04 16:00:00,10.46
9755,1755,DHL,2026-02-02 07:00:00,2026-02-05 03:00:00,6.37
9756,1756,UPS,2026-02-02 05:00:00,2026-02-04 16:00:00,5.44
9757,1757,UPS,2026-02-03 04:00:00,2026-02-05 01:00:00,7.57
9758,1758,FEDEX,2026-02-02 05:00:00,2026-02-06 10:00:00,9.3
9759,1759,DHL,2026-02-02 16:00:00,2026-02-06 23:00:00,15.77
9760,1760,BLUE_DART,2026-02-02 07:00:00,2026-02-05 19:00:00,17.76
9761,1761,FEDEX,2026-02-03 03:00:00,2026-02-06 10:00:00,8.51
9762,1762,BLUE_DART,2026-02-03 09:00:00,2026-02-08 01:00:00,15.62
9763,1763,BLUE_DART,2026-02-02 21:00:00,2026-02-07 20:00:00,13.54
9764,1764,DHL,2026-02-03 14:00:00,2026-02-05 22:00:00,9.59
9765,1765,UPS,2026-02-03 08:00:00,2026-02-06 04:00:00,5.17
9766,1766,DHL,2026-02-02 16:00:00,2026-02-05 03:00:00,16.68
9767,1767,BLUE_DART,2026-02-03 03:00:00,2026-02-04 22:00:00,22.14
9768,1768,FEDEX,2026-02-03 12:00:00,2026-02-05 05:00:00,10.66
9769,1769,BLUE_DART,2026-02-03 17:00:00,2026-02-06 06:00:00,8.3
9770,1770,FEDEX,2026-02-03 14:00:00,2026-02-07 08:00:00,27.18
9771,1771,FEDEX,2026-02-02 22:00:00,2026-02-04 20:00:00,11.88
9772,1772,DHL,2026-02-03 19:00:00,2026-02-08 18:00:00,10.59
9773,1773,BLUE_DART,2026-02-02 12:00:00,2026-02-04 03:00:00,26.43
9774,1774,UPS,2026-02-03 02:00:00,2026-02-06 12:00:00,25.43
9775,1775,BLUE_DART,2026-02-02 16:00:00,2026-02-06 12:00:00,16.21
9776,1776,BLUE_DART,2026-02-03 09:00:00,2026-02-07 04:00:00,17.23
9777,1777,UPS,2026-02-02 23:00:00,2026-02-04 19:00:00,10.44
9778,1778,DHL,2026-02-03 09:00:00,2026-02-07 14:00:00,6.96
9779,1779,BLUE_DART,2026-02-03 16:00:00,2026-02-08 14:00:00,19.34
9780,1780,BLUE_DART,2026-02-02 20:00:00,2026-02-07 01:00:00,7.46
9781,1781,FEDEX,2026-02-03 22:00:00,2026-02-07 19:00:00,16.23
9782,1782,BLUE_DART,2026-02-03 13:00:00,2026-02-05 00:00:00,28.51
9783,1783,UPS,2026-02-02 21:00:00,2026-02-04 12:00:00,28.82
9784,1784,FEDEX,2026-02-03 06:00:00,2026-02-07 14:00:00,10.98
9785,1785,DHL,2026-02-03 22:00:00,2026-02-08 12:00:00,20.6
9786,1786,FEDEX,2026-02-03 18:00:00,2026-02-05 07:00:00,16.85
9787,1787,UPS,2026-02-03 18:00:00,2026-02-07 06:00:00,26.89
9788,1788,UPS,2026-02-03 23:00:00,2026-02-07 21:00:00,11.79
9789,1789,FEDEX,2026-02-04 01:00:00,2026-02-06 22:00:00,5.09
9790,1790,DHL,2026-02-03 13:00:00,2026-02-05 20:00:00,9.06
9791,1791,FEDEX,2026-02-04 13:00:00,2026-02-06 03:00:00,13.74
9792,1792,DHL,2026-02-04 08:00:00,2026-02-07 03:00:00,12.89
9793,1793,FEDEX,2026-02-03 10:00:00,2026-02-05 02:00:00,24.78
9794,1794,UPS,2026-02-03 11:00:00,2026-02-06 03:00:00,22.01
9795,1795,BLUE_DART,2026-02-04 04:00:00,2026-02-07 09:00:00,12.49
9796,1796,BLUE_DART,2026-02-03 20:00:00,2026-02-06 15:00:00,16.44
9797,1797,DHL,2026-02-03 13:00:00,2026-02-04 17:00:00,7.39
9798,1798,DHL,2026-02-05 04:00:00,2026-02-07 06:00:00,27.45
9799,1799,DHL,2026-02-04 07:00:00,,28.39
9800,1800,UPS,2026-02-05 02:00:00,2026-02-09 07:00:00,29.5
9801,1801,FEDEX,2026-02-04 14:00:00,2026-02-08 20:00:00,26.71
9802,1802,UPS,2026-02-04 04:00:00,2026-02-06 22:00:00,9.35
9803,1803,BLUE_DART,2026-02-04 02:00:00,2026-02-06 08:00:00,6.15
9804,1804,DHL,2026-02-05 00:00:00,2026-02-06 16:00:00,19.49
9805,1805,FEDEX,2026-02-04 04:00:00,2026-02-08 23:00:00,27.82
9806,1806,BLUE_DART,2026-02-04 12:00:00,,9.43
9807,1807,BLUE_DART,2026-02-04 22:00:00,2026-02-08 03:00:00,5.18
9808,1808,BLUE_DART,2026-02-04 14:00:00,2026-02-08 03:00:00,25.14
9809,1809,UPS,2026-02-04 20:00:00,2026-02-09 10:00:00,6.92
9810,1810,DHL,2026-02-04 09:00:00,2026-02-06 16:00:00,15.34
9811,1811,BLUE_DART,2026-02-04 20:00:00,2026-02-07 11:00:00,21.97
9812,1812,DHL,2026-02-04 05:00:00,2026-02-05 17:00:00,10.92
9813,1813,UPS,2026-02-05 00:00:00,2026-02-09 11:00:00,7.1
9814,1814,BLUE_DART,2026-02-05 19:00:00,,24.25
9815,1815,UPS,2026-02-05 04:00:00,2026-02-06 08:00:00,20.75
9816,1816,UPS,2026-02-05 21:00:00,2026-02-09 21:00:00,29.71
9817,1817,DHL,2026-02-04 15:00:00,2026-02-06 19:00:00,13.61
9818,1818,BLUE_DART,2026-02-05 04:00:00,2026-02-09 01:00:00,6.54
9819,1819,UPS,2026-02-05 02:00:00,,23.36
9820,1820,BLUE_DART,2026-02-04 09:00:00,2026-02-09 07:00:00,18.04
9821,1821,DHL,2026-02-04 16:00:00,2026-02-06 13:00:00,10.33
9822,1822,UPS,2026-02-04 14:00:00,2026-02-08 07:00:00,24.54
9823,1823,DHL,2026-02-04 12:00:00,2026-02-07 08:00:00,10.09
9824,1824,BLUE_DART,2026-02-05 03:00:00,2026-02-08 23:00:00,11.52
9825,1825,BLUE_DART,2026-02-06 05:00:00,2026-02-10 23:00:00,7.31
9826,1826,DHL,2026-02-05 02:00:00,2026-02-09 18:00:00,14.99
9827,1827,FEDEX,2026-02-05 13:00:00,2026-02-09 12:00:00,15.47
9828,1828,UPS,2026-02-05 14:00:00,2026-02-06 14:00:00,17.86
9829,1829,BLUE_DART,2026-02-05 10:00:00,2026-02-09 21:00:00,22.72
9830,1830,BLUE_DART,2026-02-05 23:00:00,2026-02-08 18:00:00,27.65
9831,1831,UPS,2026-02-05 09:00:00,2026-02-09 23:00:00,8.44
9832,1832,DHL,2026-02-05 16:00:00,2026-02-10 15:00:00,6.36
9833,1833,DHL,2026-02-06 06:00:00,2026-02-10 08:00:00,5.46
9834,1834,DHL,2026-02-05 13:00:00,2026-02-08 03:00:00,8.59
9835,1835,FEDEX,2026-02-05 11:00:00,2026-02-08 16:00:00,21.45
9836,1836,FEDEX,2026-02-06 16:00:00,2026-02-11 07:00:00,23.19
9837,1837,BLUE_DART,2026-02-05 21:00:00,,24.66
9838,1838,DHL,2026-02-06 08:00:00,2026-02-08 12:00:00,11.09
9839,1839,UPS,2026-02-06 17:00:00,2026-02-09 22:00:00,12.65
9840,1840,BLUE_DART,2026-02-05 07:00:00,,17.08
9841,1841,UPS,2026-02-06 09:00:00,2026-02-08 00:00:00,6.58
9842,1842,BLUE_DART,2026-02-06 08:00:00,2026-02-08 03:00:00,20.28
9843,1843,FEDEX,2026-02-06 13:00:00,2026-02-09 10:00:00,29.59
9844,1844,BLUE_DART,2026-02-05 21:00:00,2026-02-09 15:00:00,14.02
9845,1845,FEDEX,2026-02-05 22:00:00,2026-02-09 14:00:00,23.82
9846,1846,BLUE_DART,2026-02-05 12:00:00,2026-02-08 21:00:00,17.5
9847,1847,DHL,2026-02-07 00:00:00,2026-02-10 04:00:00,8.2
9848,1848,UPS,2026-02-07 02:00:00,2026-02-08 02:00:00,19.56
9849,1849,DHL,2026-02-05 15:00:00,2026-02-09 23:00:00,12.5
9850,1850,BLUE_DART,2026-02-07 02:00:00,2026-02-10 19:00:00,5.86
9851,1851,BLUE_DART,2026-02-06 17:00:00,2026-02-08 21:00:00,20.87
9852,1852,BLUE_DART,2026-02-06 03:00:00,2026-02-10 14:00:00,26.47
9853,1853,FEDEX,2026-02-06 01:00:00,2026-02-09 22:00:00,13.62
9854,1854,UPS,2026-02-07 10:00:00,2026-02-08 17:00:00,14.76
9855,1855,UPS,2026-02-06 17:00:00,2026-02-08 21:00:00,27.28
9856,1856,BLUE_DART,2026-02-06 16:00:00,2026-02-09 18:00:00,25.34
9857,1857,BLUE_DART,2026-02-06 05:00:00,2026-02-08 13:00:00,22.87
9858,1858,FEDEX,2026-02-07 03:00:00,2026-02-08 05:00:00,11.22
9859,1859,DHL,2026-02-07 15:00:00,2026-02-11 02:00:00,27.76
9860,1860,DHL,2026-02-07 02:00:00,2026-02-09 12:00:00,8.86
9861,1861,UPS,2026-02-07 07:00:00,2026-02-11 03:00:00,20.67
9862,1862,FEDEX,2026-02-06 19:00:00,2026-02-11 13:00:00,5.72
9863,1863,BLUE_DART,2026-02-06 23:00:00,2026-02-11 02:00:00,21.09
9864,1864,UPS,2026-02-06 20:00:00,2026-02-11 07:00:00,11.93
9865,1865,FEDEX,2026-02-06 12:00:00,2026-02-08 07:00:00,16.24
9866,1866,DHL,2026-02-06 22:00:00,2026-02-10 22:00:00,13.63
9867,1867,FEDEX,2026-02-07 10:00:00,2026-02-10 00:00:00,9.32
9868,1868,DHL,2026-02-07 07:00:00,2026-02-08 10:00:00,20.55
9869,1869,FEDEX,2026-02-07 09:00:00,,27.05
9870,1870,UPS,2026-02-06 19:00:00,2026-02-11 13:00:00,28.98
9871,1871,DHL,2026-02-07 22:00:00,2026-02-10 18:00:00,9.81
9872,1872,UPS,2026-02-07 08:00:00,2026-02-10 02:00:00,22.93
9873,1873,UPS,2026-02-08 02:00:00,2026-02-09 14:00:00,21.61
9874,1874,DHL,2026-02-08 08:00:00,2026-02-09 20:00:00,13.58
9875,1875,DHL,2026-02-07 08:00:00,2026-02-10 19:00:00,5.48
9876,1876,BLUE_DART,2026-02-07 23:00:00,2026-02-11 07:00:00,22.24
9877,1877,BLUE_DART,2026-02-07 01:00:00,2026-02-11 14:00:00,28.64
9878,1878,BLUE_DART,2026-02-07 09:00:00,2026-02-12 04:00:00,20.8
9879,1879,UPS,2026-02-08 02:00:00,2026-02-11 05:00:00,15.88
9880,1880,UPS,2026-02-08 02:00:00,2026-02-11 06:00:00,18.13
9881,1881,BLUE_DART,2026-02-07 17:00:00,2026-02-12 06:00:00,9.99
9882,1882,UPS,2026-02-08 13:00:00,2026-02-11 07:00:00,23.76
9883,1883,UPS,2026-02-07 11:00:00,2026-02-11 21:00:00,23.66
9884,1884,DHL,2026-02-07 17:00:00,2026-02-11 16:00:00,8.64
9885,1885,DHL,2026-02-08 19:00:00,2026-02-12 18:00:00,26.95
9886,1886,UPS,2026-02-08 08:00:00,2026-02-11 01:00:00,11.73
9887,1887,BLUE_DART,2026-02-08 08:00:00,2026-02-13 01:00:00,29.56
9888,1888,FEDEX,2026-02-07 23:00:00,2026-02-10 00:00:00,14.57
9889,1889,BLUE_DART,2026-02-07 16:00:00,2026-02-09 14:00:00,9.45
9890,1890,FEDEX,2026-02-08 16:00:00,2026-02-11 10:00:00,13.79
9891,1891,BLUE_DART,2026-02-07 14:00:00,2026-02-11 18:00:00,16.0
9892,1892,DHL,2026-02-08 18:00:00,2026-02-10 21:00:00,6.73
9893,1893,UPS,2026-02-08 05:00:00,2026-02-09 13:00:00,19.46
9894,1894,UPS,2026-02-09 00:00:00,2026-02-10 19:00:00,19.94
9895,1895,DHL,2026-02-08 11:00:00,2026-02-11 18:00:00,23.47
9896,1896,FEDEX,2026-02-07 22:00:00,2026-02-12 08:00:00,5.73
9897,1897,FEDEX,2026-02-08 21:00:00,2026-02-11 11:00:00,18.53
9898,1898,FEDEX,2026-02-08 05:00:00,2026-02-11 07:00:00,6.32
9899,1899,DHL,2026-02-09 04:00:00,2026-02-10 15:00:00,22.53
9900,1900,FEDEX,2026-02-08 12:00:00,2026-02-12 18:00:00,6.39
9901,1901,DHL,2026-02-07 20:00:00,2026-02-12 18:00:00,27.79
9902,1902,BLUE_DART,2026-02-09 07:00:00,2026-02-12 13:00:00,22.55
9903,1903,BLUE_DART,2026-02-09 11:00:00,2026-02-13 16:00:00,17.68
9904,1904,DHL,2026-02-08 04:00:00,2026-02-09 14:00:00,16.04
9905,1905,UPS,2026-02-09 13:00:00,2026-02-11 14:00:00,8.27
9906,1906,BLUE_DART,2026-02-08 21:00:00,2026-02-11 14:00:00,12.27
9907,1907,FEDEX,2026-02-09 15:00:00,2026-02-11 17:00:00,26.72
9908,1908,DHL,2026-02-08 11:00:00,2026-02-09 21:00:00,27.61
9909,1909,FEDEX,2026-02-08 09:00:00,2026-02-10 22:00:00,5.02
9910,1910,FEDEX,2026-02-09 07:00:00,2026-02-12 01:00:00,19.85
9911,1911,UPS,2026-02-09 09:00:00,2026-02-11 03:00:00,22.98
9912,1912,FEDEX,2026-02-08 14:00:00,2026-02-12 05:00:00,20.47
9913,1913,UPS,2026-02-09 20:00:00,2026-02-11 01:00:00,7.04
9914,1914,BLUE_DART,2026-02-09 10:00:00,2026-02-12 07:00:00,10.44
9915,1915,DHL,2026-02-09 19:00:00,2026-02-12 12:00:00,11.26
9916,1916,FEDEX,2026-02-08 21:00:00,2026-02-13 16:00:00,25.79
9917,1917,DHL,2026-02-09 17:00:00,2026-02-13 09:00:00,16.58
9918,1918,FEDEX,2026-02-09 22:00:00,2026-02-13 21:00:00,17.17
9919,1919,DHL,2026-02-10 00:00:00,2026-02-13 10:00:00,28.37
9920,1920,FEDEX,2026-02-09 14:00:00,2026-02-12 17:00:00,20.93
9921,1921,FEDEX,2026-02-09 11:00:00,2026-02-12 09:00:00,27.47
9922,1922,FEDEX,2026-02-08 18:00:00,2026-02-10 00:00:00,16.41
9923,1923,FEDEX,2026-02-09 22:00:00,2026-02-11 08:00:00,8.74
9924,1924,FEDEX,2026-02-09 10:00:00,2026-02-12 22:00:00,28.25
9925,1925,FEDEX,2026-02-10 07:00:00,2026-02-14 02:00:00,16.47
9926,1926,FEDEX,2026-02-09 18:00:00,2026-02-11 18:00:00,9.54
9927,1927,FEDEX,2026-02-09 18:00:00,2026-02-11 05:00:00,12.56
9928,1928,FEDEX,2026-02-09 18:00:00,2026-02-11 19:00:00,6.27
9929,1929,DHL,2026-02-08 23:00:00,2026-02-10 10:00:00,16.71
9930,1930,UPS,2026-02-10 05:00:00,,26.33
9931,1931,FEDEX,2026-02-09 10:00:00,2026-02-12 12:00:00,28.34
9932,1932,UPS,2026-02-10 04:00:00,,28.32
9933,1933,FEDEX,2026-02-10 09:00:00,2026-02-13 06:00:00,8.13
9934,1934,FEDEX,2026-02-09 07:00:00,2026-02-12 11:00:00,14.55
9935,1935,DHL,2026-02-10 17:00:00,2026-02-15 08:00:00,5.71
9936,1936,BLUE_DART,2026-02-09 14:00:00,2026-02-13 21:00:00,26.38
9937,1937,BLUE_DART,2026-02-10 21:00:00,2026-02-12 09:00:00,13.97
9938,1938,DHL,2026-02-10 06:00:00,2026-02-14 22:00:00,20.78
9939,1939,UPS,2026-02-10 18:00:00,,22.87
9940,1940,BLUE_DART,2026-02-10 07:00:00,2026-02-13 15:00:00,15.75
9941,1941,DHL,2026-02-10 02:00:00,2026-02-11 05:00:00,12.66
9942,1942,DHL,2026-02-09 11:00:00,2026-02-13 13:00:00,29.06
9943,1943,BLUE_DART,2026-02-10 18:00:00,2026-02-15 17:00:00,29.11
9944,1944,UPS,2026-02-10 19:00:00,2026-02-13 19:00:00,12.24
9945,1945,DHL,2026-02-11 07:00:00,2026-02-12 13:00:00,16.99
9946,1946,FEDEX,2026-02-11 08:00:00,2026-02-12 18:00:00,29.32
9947,1947,UPS,2026-02-11 01:00:00,2026-02-15 20:00:00,5.12
9948,1948,UPS,2026-02-10 01:00:00,2026-02-13 06:00:00,15.32
9949,1949,BLUE_DART,2026-02-10 15:00:00,2026-02-15 05:00:00,7.51
9950,1950,BLUE_DART,2026-02-10 07:00:00,2026-02-13 03:00:00,17.73
9951,1951,FEDEX,2026-02-10 20:00:00,2026-02-12 18:00:00,5.62
9952,1952,DHL,2026-02-10 14:00:00,2026-02-12 17:00:00,15.17
9953,1953,BLUE_DART,2026-02-10 09:00:00,2026-02-13 17:00:00,10.52
9954,1954,BLUE_DART,2026-02-11 14:00:00,2026-02-13 15:00:00,18.33
9955,1955,UPS,2026-02-10 16:00:00,2026-02-12 16:00:00,29.9
9956,1956,BLUE_DART,2026-02-10 15:00:00,2026-02-13 20:00:00,25.01
9957,1957,BLUE_DART,2026-02-11 19:00:00,2026-02-13 23:00:00,26.14
9958,1958,BLUE_DART,2026-02-10 17:00:00,2026-02-15 03:00:00,20.88
9959,1959,BLUE_DART,2026-02-10 18:00:00,2026-02-13 05:00:00,6.04
9960,1960,UPS,2026-02-11 19:00:00,2026-02-13 08:00:00,10.17
9961,1961,FEDEX,2026-02-10 18:00:00,2026-02-14 23:00:00,28.13
9962,1962,FEDEX,2026-02-10 23:00:00,,14.15
9963,1963,DHL,2026-02-11 15:00:00,2026-02-13 20:00:00,7.59
9964,1964,BLUE_DART,2026-02-10 17:00:00,2026-02-15 12:00:00,22.56
9965,1965,UPS,2026-02-12 01:00:00,2026-02-13 17:00:00,12.49
9966,1966,DHL,2026-02-11 06:00:00,2026-02-15 00:00:00,11.72
9967,1967,DHL,2026-02-11 13:00:00,2026-02-15 20:00:00,29.95
9968,1968,FEDEX,2026-02-11 15:00:00,2026-02-13 20:00:00,26.45
9969,1969,UPS,2026-02-11 10:00:00,2026-02-16 06:00:00,15.2
9970,1970,UPS,2026-02-11 08:00:00,2026-02-14 04:00:00,29.51
9971,1971,UPS,2026-02-11 04:00:00,2026-02-15 10:00:00,21.25
9972,1972,FEDEX,2026-02-11 08:00:00,2026-02-16 00:00:00,23.55
9973,1973,FEDEX,2026-02-11 02:00:00,2026-02-14 04:00:00,5.79
9974,1974,FEDEX,2026-02-11 06:00:00,2026-02-14 04:00:00,8.04
9975,1975,FEDEX,2026-02-12 09:00:00,2026-02-15 13:00:00,20.83
9976,1976,FEDEX,2026-02-11 15:00:00,2026-02-15 06:00:00,27.48
9977,1977,BLUE_DART,2026-02-11 04:00:00,2026-02-13 17:00:00,20.59
9978,1978,BLUE_DART,2026-02-12 09:00:00,2026-02-16 00:00:00,8.35
9979,1979,UPS,2026-02-11 17:00:00,2026-02-16 07:00:00,7.89
9980,1980,DHL,2026-02-11 16:00:00,2026-02-16 08:00:00,26.1
9981,1981,UPS,2026-02-12 16:00:00,2026-02-13 22:00:00,8.48
9982,1982,DHL,2026-02-11 06:00:00,,18.01
9983,1983,FEDEX,2026-02-12 04:00:00,2026-02-16 12:00:00,5.93
9984,1984,DHL,2026-02-12 12:00:00,2026-02-16 21:00:00,7.02
9985,1985,UPS,2026-02-12 21:00:00,2026-02-15 13:00:00,21.81
9986,1986,UPS,2026-02-11 19:00:00,2026-02-15 20:00:00,22.23
9987,1987,DHL,2026-02-12 00:00:00,2026-02-13 09:00:00,13.54
9988,1988,BLUE_DART,2026-02-12 21:00:00,2026-02-16 05:00:00,10.39
9989,1989,FEDEX,2026-02-11 15:00:00,2026-02-12 21:00:00,25.34
9990,1990,FEDEX,2026-02-12 05:00:00,2026-02-15 06:00:00,10.43
9991,1991,UPS,2026-02-12 00:00:00,2026-02-16 18:00:00,18.55
9992,1992,BLUE_DART,2026-02-12 14:00:00,2026-02-15 17:00:00,29.21
9993,1993,DHL,2026-02-12 03:00:00,2026-02-14 11:00:00,8.7
9994,1994,FEDEX,2026-02-12 21:00:00,2026-02-13 21:00:00,28.52
9995,1995,BLUE_DART,2026-02-11 19:00:00,2026-02-14 23:00:00,9.57
9996,1996,FEDEX,2026-02-13 07:00:00,2026-02-16 18:00:00,19.19
9997,1997,BLUE_DART,2026-02-12 01:00:00,2026-02-14 10:00:00,14.43
9998,1998,BLUE_DART,2026-02-12 19:00:00,2026-02-13 22:00:00,29.12
9999,1999,UPS,2026-02-12 08:00:00,2026-02-14 00:00:00,11.84
10000,2000,FEDEX,2026-02-13 04:00:00,2026-02-14 07:00:00,14.99
10001,1051,DHL,2026-01-04 21:00:00,2026-01-07 15:00:00,29.57
10002,1052,UPS,2026-01-04 22:00:00,2026-01-09 15:00:00,18.41
10003,1053,UPS,2026-01-04 13:00:00,2026-01-05 16:00:00,17.57
10004,1054,DHL,2026-01-04 16:00:00,2026-01-05 16:00:00,11.44
10005,1055,UPS,2026-01-03 14:00:00,2026-01-07 12:00:00,22.53
10006,1056,BLUE_DART,2026-01-04 16:00:00,2026-01-09 13:00:00,5.36
10007,1057,BLUE_DART,2026-01-03 16:00:00,2026-01-06 17:00:00,6.24
10008,1058,FEDEX,2026-01-05 00:00:00,2026-01-09 00:00:00,19.98
10009,1059,FEDEX,2026-01-04 07:00:00,2026-01-07 19:00:00,13.54
10010,1060,DHL,2026-01-04 14:00:00,2026-01-07 00:00:00,28.83
10011,1061,FEDEX,2026-01-05 01:00:00,2026-01-06 08:00:00,27.58
